{"cameraMode":{"drawMode":0,"name":"Shaded","section":"Shading Mode"},"sceneLighting":false,"audioPlay":false,"sceneViewState":{"m_AlwaysRefresh":false,"showFog":true,"showSkybox":false,"showFlares":true,"showImageEffects":true,"showParticleSystems":true,"showVisualEffectGraphs":true,"m_FxEnabled":true},"in2DMode":false,"pivot":{"x":-0.03345286846160889,"y":0.9411280155181885,"z":-0.3401173949241638},"rotation":{"x":-0.002146973740309477,"y":0.9900029897689819,"z":-0.015157707966864109,"w":-0.1402190923690796},"size":1.2314308881759644,"orthographic":false}