{"cameraMode":{"drawMode":0,"name":"Shaded","section":"Shading Mode"},"sceneLighting":false,"audioPlay":false,"sceneViewState":{"showFog":true,"showMaterialUpdate":false,"showSkybox":false,"showFlares":true,"showImageEffects":true,"showParticleSystems":true},"in2DMode":false,"pivot":{"x":-0.13932204246520997,"y":0.5530029535293579,"z":-0.07489538192749024},"rotation":{"x":-0.13750162720680238,"y":0.8248177766799927,"z":-0.22721825540065766,"w":-0.4991401135921478},"size":2.5637218952178957,"orthographic":false}